gauge_id,aridity_ERA5_LAND,aridity_FAO_PM,frac_snow,high_prec_dur,high_prec_freq,low_prec_dur,low_prec_freq,moisture_index_ERA5_LAND,moisture_index_FAO_PM,p_mean,pet_mean_ERA5_LAND,pet_mean_FAO_PM,seasonality_ERA5_LAND,seasonality_FAO_PM
ubakz_99999999,2.7514125069213624,0.5452413967269996,0.3502723166607544,1.1812865497076024,0.04268357105124142,3.804628999319265,0.5904912836767037,-0.29488110024163805,0.508402743685689,2.694216587427364,7.412901215002641,1.4689984152139464,1.5656105199250008,1.098643741598932
